{"cameraMode":{"drawMode":0,"name":"Shaded","section":"Shading Mode"},"sceneLighting":true,"audioPlay":false,"sceneViewState":{"m_AlwaysRefresh":false,"showFog":true,"showSkybox":true,"showFlares":true,"showImageEffects":true,"showParticleSystems":true,"showVisualEffectGraphs":true,"m_FxEnabled":true},"in2DMode":false,"pivot":{"x":1.0080392360687256,"y":0.16800403594970704,"z":1.4193060398101807},"rotation":{"x":-0.13776762783527375,"y":0.40766698122024538,"z":-0.0623701848089695,"w":-0.9005239009857178},"size":2.597554922103882,"orthographic":false}