{"cameraMode":{"drawMode":0,"name":"Shaded","section":"Shading Mode"},"sceneLighting":true,"audioPlay":false,"sceneViewState":{"m_AlwaysRefresh":false,"showFog":true,"showSkybox":true,"showFlares":true,"showImageEffects":true,"showParticleSystems":true,"showVisualEffectGraphs":true,"m_FxEnabled":true},"in2DMode":false,"pivot":{"x":-2.3246030807495119,"y":6.281977653503418,"z":6.911993026733398},"rotation":{"x":0.10788761079311371,"y":-0.2564375400543213,"z":0.028803737834095956,"w":0.9601033926010132},"size":23.859397888183595,"orthographic":false}