{"cameraMode":{"drawMode":0,"name":"Shaded","section":"Shading Mode"},"sceneLighting":true,"audioPlay":false,"sceneViewState":{"m_AlwaysRefresh":false,"showFog":true,"showSkybox":true,"showFlares":true,"showImageEffects":true,"showParticleSystems":true,"showVisualEffectGraphs":true,"m_FxEnabled":true},"in2DMode":false,"pivot":{"x":-8.036081314086914,"y":2.3733878135681154,"z":16.180644989013673},"rotation":{"x":0.08272825181484223,"y":-0.1660294234752655,"z":0.013979466632008553,"w":0.9825416803359985},"size":2.898141860961914,"orthographic":false}