{"cameraMode":{"drawMode":0,"name":"Shaded","section":"Shading Mode"},"sceneLighting":true,"audioPlay":false,"sceneViewState":{"m_AlwaysRefresh":false,"showFog":true,"showSkybox":true,"showFlares":true,"showImageEffects":true,"showParticleSystems":true,"showVisualEffectGraphs":true,"m_FxEnabled":true},"in2DMode":false,"pivot":{"x":-1.6933774948120118,"y":12.698320388793946,"z":10.024389266967774},"rotation":{"x":-0.11365120112895966,"y":-0.6630876660346985,"z":0.10286463052034378,"w":-0.7326638698577881},"size":6.005253314971924,"orthographic":false}