{"cameraMode":{"drawMode":0,"name":"Shaded","section":"Shading Mode"},"sceneLighting":true,"audioPlay":false,"sceneViewState":{"m_AlwaysRefresh":false,"showFog":true,"showSkybox":true,"showFlares":true,"showImageEffects":true,"showParticleSystems":true,"showVisualEffectGraphs":true,"m_FxEnabled":true},"in2DMode":false,"pivot":{"x":1.146214246749878,"y":0.6109980344772339,"z":1.7824363708496094},"rotation":{"x":-0.16947539150714875,"y":0.36205151677131655,"z":-0.06712383776903153,"w":-0.9141567349433899},"size":2.7034623622894289,"orthographic":false}