{"cameraMode":{"drawMode":0,"name":"Shaded","section":"Shading Mode"},"sceneLighting":true,"audioPlay":false,"sceneViewState":{"m_AlwaysRefresh":false,"showFog":true,"showSkybox":true,"showFlares":true,"showImageEffects":true,"showParticleSystems":true,"showVisualEffectGraphs":true,"m_FxEnabled":true},"in2DMode":false,"pivot":{"x":-0.8353590965270996,"y":1.3002985715866089,"z":5.26924991607666},"rotation":{"x":0.056291162967681888,"y":0.4006921350955963,"z":-0.024673502892255784,"w":0.9141467809677124},"size":6.124865531921387,"orthographic":false}