{"cameraMode":{"drawMode":0,"name":"Shaded","section":"Shading Mode"},"sceneLighting":true,"audioPlay":false,"sceneViewState":{"m_AlwaysRefresh":false,"showFog":true,"showSkybox":true,"showFlares":true,"showImageEffects":true,"showParticleSystems":true,"showVisualEffectGraphs":true,"m_FxEnabled":true},"in2DMode":false,"pivot":{"x":-0.3956785202026367,"y":-14.900527000427246,"z":4.315392017364502},"rotation":{"x":0.6316977739334106,"y":-0.17312555015087129,"z":0.14757326245307923,"w":0.7410622239112854},"size":29.32036781311035,"orthographic":true}