{"cameraMode":{"drawMode":0,"name":"Shaded","section":"Shading Mode"},"sceneLighting":true,"audioPlay":false,"sceneViewState":{"m_AlwaysRefresh":false,"showFog":true,"showSkybox":true,"showFlares":true,"showImageEffects":true,"showParticleSystems":true,"showVisualEffectGraphs":true,"m_FxEnabled":true},"in2DMode":false,"pivot":{"x":1.4984889030456544,"y":2.267181396484375,"z":0.15156173706054688},"rotation":{"x":0.38613468408584597,"y":-0.1402863711118698,"z":0.05954797565937042,"w":0.9097486734390259},"size":15.53699779510498,"orthographic":false}