{"cameraMode":{"drawMode":0,"name":"Shaded","section":"Shading Mode"},"sceneLighting":true,"audioPlay":false,"sceneViewState":{"m_AlwaysRefresh":false,"showFog":true,"showSkybox":true,"showFlares":true,"showImageEffects":true,"showParticleSystems":true,"showVisualEffectGraphs":true,"m_FxEnabled":true},"in2DMode":false,"pivot":{"x":-0.07100501656532288,"y":1.014663815498352,"z":0.018881572410464288},"rotation":{"x":0.12377818673849106,"y":0.22709883749485017,"z":-0.029119445011019708,"w":0.9655527472496033},"size":0.22208507359027863,"orthographic":false}